create database car_db;

use car_db;

-- 1. 지역 테이블
CREATE TABLE region (
    region_id INT AUTO_INCREMENT PRIMARY KEY,
    region_name VARCHAR(50) NOT NULL UNIQUE
);

-- 2. 차종 테이블
CREATE TABLE vehicle_type (
    type_id INT AUTO_INCREMENT PRIMARY KEY,
    type_name VARCHAR(20) NOT NULL UNIQUE
);

-- 3. 용도 테이블
CREATE TABLE usage_type (
    usage_id INT AUTO_INCREMENT PRIMARY KEY,
    usage_name VARCHAR(20) NOT NULL UNIQUE
);

-- 4. 차량 통계 테이블 (핵심)
CREATE TABLE vehicle_stat (
    stat_id INT AUTO_INCREMENT PRIMARY KEY,
    stat_year_month CHAR(6) NOT NULL,  -- 예: 202602
    region_id INT,
    type_id INT,
    usage_id INT,
    vehicle_count INT NOT NULL,

    FOREIGN KEY (region_id) REFERENCES region(region_id),
    FOREIGN KEY (type_id) REFERENCES vehicle_type(type_id),
    FOREIGN KEY (usage_id) REFERENCES usage_type(usage_id)
);

-- 지역
INSERT INTO region (region_name) VALUES
('서울'), ('부산'), ('대구'), ('인천'), ('광주'), ('대전'),
('울산'), ('세종'), ('경기'), ('충북'), ('충남'),
('전남'), ('경북'), ('경남'), ('제주'), ('강원'), ('전북');

-- 차종
INSERT INTO vehicle_type (type_name) VALUES
('승용'), ('승합'), ('화물'), ('특수');

-- 용도
INSERT INTO usage_type (usage_name) VALUES
('관용'), ('자가용'), ('영업용');

-- 서울 승용
INSERT INTO vehicle_stat VALUES
(NULL, '202602', 1, 1, 1, 4834),      -- 관용
(NULL, '202602', 1, 1, 2, 2658313),   -- 자가용
(NULL, '202602', 1, 1, 3, 107041);    -- 영업용

-- 서울 승합
INSERT INTO vehicle_stat VALUES
(NULL, '202602', 1, 2, 1, 3703),
(NULL, '202602', 1, 2, 2, 61806),
(NULL, '202602', 1, 2, 3, 14518);

-- 서울 화물
INSERT INTO vehicle_stat VALUES
(NULL, '202602', 1, 3, 1, 3888),
(NULL, '202602', 1, 3, 2, 233466),
(NULL, '202602', 1, 3, 3, 59290);

-- 서울 특수
INSERT INTO vehicle_stat VALUES
(NULL, '202602', 1, 4, 1, 444),
(NULL, '202602', 1, 4, 2, 6173),
(NULL, '202602', 1, 4, 3, 5121);

-- 부산
INSERT INTO vehicle_stat VALUES
(NULL,'202602',2,1,1,1890),(NULL,'202602',2,1,2,1206887),(NULL,'202602',2,1,3,143252),
(NULL,'202602',2,2,1,1255),(NULL,'202602',2,2,2,26132),(NULL,'202602',2,2,3,6258),
(NULL,'202602',2,3,1,1602),(NULL,'202602',2,3,2,143666),(NULL,'202602',2,3,3,36249),
(NULL,'202602',2,4,1,160),(NULL,'202602',2,4,2,3407),(NULL,'202602',2,4,3,9087);

-- 대구
INSERT INTO vehicle_stat VALUES
(NULL,'202602',3,1,1,1126),(NULL,'202602',3,1,2,1035212),(NULL,'202602',3,1,3,37980),
(NULL,'202602',3,2,1,981),(NULL,'202602',3,2,2,20194),(NULL,'202602',3,2,3,3837),
(NULL,'202602',3,3,1,1469),(NULL,'202602',3,3,2,135981),(NULL,'202602',3,3,3,20808),
(NULL,'202602',3,4,1,167),(NULL,'202602',3,4,2,3179),(NULL,'202602',3,4,3,2249);

-- 인천
INSERT INTO vehicle_stat VALUES
(NULL,'202602',4,1,1,1739),(NULL,'202602',4,1,2,1289417),(NULL,'202602',4,1,3,219301),
(NULL,'202602',4,2,1,1184),(NULL,'202602',4,2,2,27682),(NULL,'202602',4,2,3,7263),
(NULL,'202602',4,3,1,1350),(NULL,'202602',4,3,2,162999),(NULL,'202602',4,3,3,35776),
(NULL,'202602',4,4,1,153),(NULL,'202602',4,4,2,4035),(NULL,'202602',4,4,3,5369);

-- 광주
INSERT INTO vehicle_stat VALUES
(NULL,'202602',5,1,1,909),(NULL,'202602',5,1,2,604147),(NULL,'202602',5,1,3,13325),
(NULL,'202602',5,2,1,599),(NULL,'202602',5,2,2,12799),(NULL,'202602',5,2,3,2279),
(NULL,'202602',5,3,1,832),(NULL,'202602',5,3,2,76203),(NULL,'202602',5,3,3,14692),
(NULL,'202602',5,4,1,95),(NULL,'202602',5,4,2,2216),(NULL,'202602',5,4,3,1932);

-- 대전
INSERT INTO vehicle_stat VALUES
(NULL,'202602',6,1,1,691),(NULL,'202602',6,1,2,605961),(NULL,'202602',6,1,3,36888),
(NULL,'202602',6,2,1,563),(NULL,'202602',6,2,2,12764),(NULL,'202602',6,2,3,2224),
(NULL,'202602',6,3,1,968),(NULL,'202602',6,3,2,71362),(NULL,'202602',6,3,3,12591),
(NULL,'202602',6,4,1,90),(NULL,'202602',6,4,2,2202),(NULL,'202602',6,4,3,1712);

-- 울산
INSERT INTO vehicle_stat VALUES
(NULL,'202602',7,1,1,798),(NULL,'202602',7,1,2,514287),(NULL,'202602',7,1,3,7358),
(NULL,'202602',7,2,1,501),(NULL,'202602',7,2,2,9608),(NULL,'202602',7,2,3,2016),
(NULL,'202602',7,3,1,664),(NULL,'202602',7,3,2,62754),(NULL,'202602',7,3,3,10535),
(NULL,'202602',7,4,1,59),(NULL,'202602',7,4,2,1590),(NULL,'202602',7,4,3,2327);

-- 세종
INSERT INTO vehicle_stat VALUES
(NULL,'202602',8,1,1,356),(NULL,'202602',8,1,2,180216),(NULL,'202602',8,1,3,2882),
(NULL,'202602',8,2,1,234),(NULL,'202602',8,2,2,2926),(NULL,'202602',8,2,3,636),
(NULL,'202602',8,3,1,275),(NULL,'202602',8,3,2,14731),(NULL,'202602',8,3,3,2031),
(NULL,'202602',8,4,1,245),(NULL,'202602',8,4,2,651),(NULL,'202602',8,4,3,163);

-- 경기
INSERT INTO vehicle_stat VALUES
(NULL,'202602',9,1,1,8489),(NULL,'202602',9,1,2,5582388),(NULL,'202602',9,1,3,93329),
(NULL,'202602',9,2,1,4104),(NULL,'202602',9,2,2,127500),(NULL,'202602',9,2,3,32711),
(NULL,'202602',9,3,1,5775),(NULL,'202602',9,3,2,709450),(NULL,'202602',9,3,3,139057),
(NULL,'202602',9,4,1,647),(NULL,'202602',9,4,2,19574),(NULL,'202602',9,4,3,12319);

INSERT INTO vehicle_stat VALUES
(NULL,'202602',10,1,1,1505),(NULL,'202602',10,1,2,747644),(NULL,'202602',10,1,3,12245),
(NULL,'202602',10,2,1,1096),(NULL,'202602',10,2,2,20009),(NULL,'202602',10,2,3,3804),
(NULL,'202602',10,3,1,1692),(NULL,'202602',10,3,2,148811),(NULL,'202602',10,3,3,16189),
(NULL,'202602',10,4,1,190),(NULL,'202602',10,4,2,3755),(NULL,'202602',10,4,3,2888);

INSERT INTO vehicle_stat VALUES
(NULL,'202602',11,1,1,2222),(NULL,'202602',11,1,2,996634),(NULL,'202602',11,1,3,14267),
(NULL,'202602',11,2,1,1283),(NULL,'202602',11,2,2,27993),(NULL,'202602',11,2,3,5275),
(NULL,'202602',11,3,1,2558),(NULL,'202602',11,3,2,214949),(NULL,'202602',11,3,3,20204),
(NULL,'202602',11,4,1,358),(NULL,'202602',11,4,2,4899),(NULL,'202602',11,4,3,3282);

INSERT INTO vehicle_stat VALUES
(NULL,'202602',12,1,1,2475),(NULL,'202602',12,1,2,782022),(NULL,'202602',12,1,3,236902),
(NULL,'202602',12,2,1,1652),(NULL,'202602',12,2,2,24725),(NULL,'202602',12,2,3,7542),
(NULL,'202602',12,3,1,2795),(NULL,'202602',12,3,2,235100),(NULL,'202602',12,3,3,21415),
(NULL,'202602',12,4,1,259),(NULL,'202602',12,4,2,4327),(NULL,'202602',12,4,3,5249);

INSERT INTO vehicle_stat VALUES
(NULL,'202602',13,1,1,2810),(NULL,'202602',13,1,2,1174222),(NULL,'202602',13,1,3,12871),
(NULL,'202602',13,2,1,1692),(NULL,'202602',13,2,2,33976),(NULL,'202602',13,2,3,5244),
(NULL,'202602',13,3,1,3160),(NULL,'202602',13,3,2,296903),(NULL,'202602',13,3,3,25084),
(NULL,'202602',13,4,1,423),(NULL,'202602',13,4,2,5563),(NULL,'202602',13,4,3,5418);

INSERT INTO vehicle_stat VALUES
(NULL,'202602',14,1,1,2702),(NULL,'202602',14,1,2,1523986),(NULL,'202602',14,1,3,139093),
(NULL,'202602',14,2,1,1873),(NULL,'202602',14,2,2,34649),(NULL,'202602',14,2,3,6904),
(NULL,'202602',14,3,1,2773),(NULL,'202602',14,3,2,268879),(NULL,'202602',14,3,3,27940),
(NULL,'202602',14,4,1,360),(NULL,'202602',14,4,2,5401),(NULL,'202602',14,4,3,5775);

INSERT INTO vehicle_stat VALUES
(NULL,'202602',15,1,1,858),(NULL,'202602',15,1,2,334407),(NULL,'202602',15,1,3,280383),
(NULL,'202602',15,2,1,476),(NULL,'202602',15,2,2,9333),(NULL,'202602',15,2,3,6473),
(NULL,'202602',15,3,1,1037),(NULL,'202602',15,3,2,86875),(NULL,'202602',15,3,3,4434),
(NULL,'202602',15,4,1,86),(NULL,'202602',15,4,2,1439),(NULL,'202602',15,4,3,707);

INSERT INTO vehicle_stat VALUES
(NULL,'202602',16,1,1,2111),(NULL,'202602',16,1,2,673219),(NULL,'202602',16,1,3,11443),
(NULL,'202602',16,2,1,1633),(NULL,'202602',16,2,2,18620),(NULL,'202602',16,2,3,2956),
(NULL,'202602',16,3,1,2706),(NULL,'202602',16,3,2,152842),(NULL,'202602',16,3,3,9377),
(NULL,'202602',16,4,1,334),(NULL,'202602',16,4,2,3514),(NULL,'202602',16,4,3,1939);

INSERT INTO vehicle_stat VALUES
(NULL,'202602',17,1,1,2042),(NULL,'202602',17,1,2,766763),(NULL,'202602',17,1,3,11083),
(NULL,'202602',17,2,1,1330),(NULL,'202602',17,2,2,21743),(NULL,'202602',17,2,3,3838),
(NULL,'202602',17,3,1,2327),(NULL,'202602',17,3,2,175503),(NULL,'202602',17,3,3,16813),
(NULL,'202602',17,4,1,225),(NULL,'202602',17,4,2,3573),(NULL,'202602',17,4,3,2614);

SELECT 
    v.stat_year_month,
    r.region_name,
    t.type_name,
    u.usage_name,
    v.vehicle_count
FROM vehicle_stat v
JOIN region r ON v.region_id = r.region_id
JOIN vehicle_type t ON v.type_id = t.type_id
JOIN usage_type u ON v.usage_id = u.usage_id
ORDER BY r.region_name, t.type_name, u.usage_name;

CREATE TABLE vehicle_insurance_stat (
    id INT AUTO_INCREMENT PRIMARY KEY,
    stat_year_month CHAR(6) NOT NULL,
    gender VARCHAR(10) NOT NULL,
    age_group VARCHAR(20) NOT NULL,
    region VARCHAR(20) NOT NULL,
    vehicle_count BIGINT NOT NULL
);

INSERT INTO vehicle_insurance_stat (stat_year_month, gender, age_group, region, vehicle_count) VALUES
('202602','남성','10대이하','서울',1450),
('202602','남성','10대이하','부산',581),
('202602','남성','10대이하','대구',184),
('202602','남성','10대이하','인천',507),
('202602','남성','10대이하','광주',168),
('202602','남성','10대이하','대전',230),
('202602','남성','10대이하','울산',195),
('202602','남성','10대이하','세종',77),
('202602','남성','10대이하','경기',2653),
('202602','남성','10대이하','강원',250),
('202602','남성','10대이하','충북',386),
('202602','남성','10대이하','충남',404),
('202602','남성','10대이하','전북',374),
('202602','남성','10대이하','전남',317),
('202602','남성','10대이하','경북',245),
('202602','남성','10대이하','경남',666),
('202602','남성','10대이하','제주',157),
('202602','남성','20대','서울',45083),
('202602','남성','20대','부산',24031),
('202602','남성','20대','대구',21784),
('202602','남성','20대','인천',29414),
('202602','남성','20대','광주',17215),
('202602','남성','20대','대전',17089),
('202602','남성','20대','울산',14121),
('202602','남성','20대','세종',3219),
('202602','남성','20대','경기',135850),
('202602','남성','20대','강원',19290),
('202602','남성','20대','충북',23209),
('202602','남성','20대','충남',29915),
('202602','남성','20대','전북',19947),
('202602','남성','20대','전남',22182),
('202602','남성','20대','경북',29819),
('202602','남성','20대','경남',34033),
('202602','남성','20대','제주',6189),
('202602','남성','30대','서울',294996),
('202602','남성','30대','부산',120280),
('202602','남성','30대','대구',106426),
-- ... 계속해서 모든 남성, 여성, 기타 데이터 추가
('202602','기타','법인 및 사업자','서울',434034),
('202602','기타','법인 및 사업자','부산',394127),
('202602','기타','법인 및 사업자','대구',157125),
('202602','기타','법인 및 사업자','인천',508130),
('202602','기타','법인 및 사업자','광주',78587),
('202602','기타','법인 및 사업자','대전',92381),
('202602','기타','법인 및 사업자','울산',51938),
('202602','기타','법인 및 사업자','세종',12941),
('202602','기타','법인 및 사업자','경기',725488),
('202602','기타','법인 및 사업자','강원',67347),
('202602','기타','법인 및 사업자','충북',88880),
('202602','기타','법인 및 사업자','충남',115284),
('202602','기타','법인 및 사업자','전북',91927),
('202602','기타','법인 및 사업자','전남',344168),
('202602','기타','법인 및 사업자','경북',128806),
('202602','기타','법인 및 사업자','경남',357419),
('202602','기타','법인 및 사업자','제주',373211);


-- 여성 데이터
INSERT INTO vehicle_insurance_stat (stat_year_month, gender, age_group, region, vehicle_count) VALUES
('202602','여성','10대이하','서울',711),
('202602','여성','10대이하','부산',262),
('202602','여성','10대이하','대구',95),
('202602','여성','10대이하','인천',257),
('202602','여성','10대이하','광주',98),
('202602','여성','10대이하','대전',135),
('202602','여성','10대이하','울산',78),
('202602','여성','10대이하','세종',34),
('202602','여성','10대이하','경기',1222),
('202602','여성','10대이하','강원',126),
('202602','여성','10대이하','충북',188),
('202602','여성','10대이하','충남',169),
('202602','여성','10대이하','전북',160),
('202602','여성','10대이하','전남',148),
('202602','여성','10대이하','경북',105),
('202602','여성','10대이하','경남',312),
('202602','여성','10대이하','제주',77),

('202602','여성','20대','서울',22384),
('202602','여성','20대','부산',10780),
('202602','여성','20대','대구',11067),
('202602','여성','20대','인천',13790),
('202602','여성','20대','광주',10340),
('202602','여성','20대','대전',9264),
('202602','여성','20대','울산',5614),
('202602','여성','20대','세종',2102),
('202602','여성','20대','경기',63982),
('202602','여성','20대','강원',9573),
('202602','여성','20대','충북',11884),
('202602','여성','20대','충남',14804),
('202602','여성','20대','전북',11224),
('202602','여성','20대','전남',11851),
('202602','여성','20대','경북',14054),
('202602','여성','20대','경남',16173),
('202602','여성','20대','제주',4175),

('202602','여성','30대','서울',123127),
('202602','여성','30대','부산',49160),
('202602','여성','30대','대구',45677),
('202602','여성','30대','인천',61838),
('202602','여성','30대','광주',34461),
('202602','여성','30대','대전',33243),
('202602','여성','30대','울산',21307),
('202602','여성','30대','세종',12172),
('202602','여성','30대','경기',282669),
('202602','여성','30대','강원',31600),
('202602','여성','30대','충북',38020),
('202602','여성','30대','충남',49155),
('202602','여성','30대','전북',36165),
('202602','여성','30대','전남',36387),
('202602','여성','30대','경북',48532),
('202602','여성','30대','경남',63077),
('202602','여성','30대','제주',17029);


CREATE TABLE vehicle_registration (
    year INT NOT NULL,
    type VARCHAR(10) NOT NULL,       -- 승용, 승합, 화물, 특수, 총계
    total BIGINT NOT NULL,           -- 계
    government BIGINT NOT NULL,      -- 관용
    private BIGINT NOT NULL,         -- 자가용
    commercial BIGINT NOT NULL,      -- 영업용
    PRIMARY KEY (year, type)
);

INSERT INTO vehicle_registration (year, type, total, government, private, commercial) VALUES
-- 승용
(2021, '승용', 20410648, 34548, 19168262, 1207838),
(2022, '승용', 20952759, 35071, 19647975, 1269713),
(2023, '승용', 21390202, 35481, 20079294, 1275427),
(2024, '승용', 21771120, 36466, 20425766, 1308888),
(2025, '승용', 22038603, 37360, 20632170, 1369073),

-- 승합
(2021, '승합', 749968, 24460, 608894, 116614),
(2022, '승합', 723961, 24755, 583625, 115581),
(2023, '승합', 694574, 25009, 555119, 114446),
(2024, '승합', 666166, 24862, 527105, 114199),
(2025, '승합', 633824, 24299, 495490, 114035),

-- 화물
(2021, '화물', 3631975, 33800, 3159844, 438331),
(2022, '화물', 3696317, 34587, 3211121, 450609),
(2023, '화물', 3726400, 35318, 3225194, 465888),
(2024, '화물', 3716743, 35531, 3211951, 469261),
(2025, '화물', 3695232, 35925, 3187069, 472238),

-- 특수
(2021, '특수', 118510, 3141, 49733, 65636),
(2022, '특수', 130041, 3441, 59623, 66977),
(2023, '특수', 138025, 3702, 66655, 67668),
(2024, '특수', 143890, 3876, 71804, 68210),
(2025, '특수', 147214, 4069, 74956, 68189),

-- 총계
(2021, '총계', 24911101, 95949, 22986733, 1828419),
(2022, '총계', 25503078, 97854, 23502344, 1902880),
(2023, '총계', 25949201, 99510, 23926262, 1923429),
(2024, '총계', 26297919, 100735, 24236626, 1960558),
(2025, '총계', 26514873, 101653, 24389685, 2023535);